time,counts
1711148317.4011478,4
1711148327.4114394,8
1711148337.42171,9
1711148347.4319842,10
1711148357.44227,11
1711148367.4524446,13
1711148377.4626818,16
1711148387.4730225,17
1711148397.483349,17
1711148407.4935312,20
1711148417.503782,22
1711148427.5140493,23
