time,counts
1711148473.556355,1
1711148483.5666242,1
1711148493.5768816,2
1711148503.5872276,3
1711148513.597499,3
1711148523.607773,3
1711148533.6180453,4
1711148543.6283655,4
1711148553.6386414,4
1711148563.64891,7
1711148573.6592345,7
1711148583.6695383,8
