time,counts
1711148802.937257,0
1711148812.9476085,0
1711148822.9578972,0
1711148832.968167,0
1711148842.9784372,1
1711148852.9886885,1
1711148862.9989393,1
1711148873.0051386,3
1711148883.0154054,3
1711148893.025694,5
1711148903.0359626,5
1711148913.0462353,5
